Run,Train_Accuracy,Test_Accuracy
1,0.7142857142857143,0.8666666666666667
