Run,Train_Accuracy,Test_Accuracy
1,0.6571428571428571,0.6666666666666666
