Run,Train_Accuracy,Test_Accuracy
1,0.8571428571428571,0.8666666666666667
